{
  "results": [
    {
      "command": "/performance/920134c2-85be-43cc-9da7-45a807623173",
      "mean": 0.009869724549999997,
      "stddev": 0.0005461440427599655,
      "median": 0.00980209778,
      "user": 0.0025893100000000014,
      "system": 0.002249039999999999,
      "min": 0.00914957628,
      "max": 0.012380452279999999,
      "times": [
        0.01062349328,
        0.01039566028,
        0.01046640928,
        0.01003545228,
        0.01027578528,
        0.009846868279999999,
        0.00982124328,
        0.009635118279999999,
        0.00990466028,
        0.009855743279999999,
        0.01100291028,
        0.012380452279999999,
        0.00987453528,
        0.011614368279999999,
        0.01167495128,
        0.01073961828,
        0.01190286828,
        0.01012453528,
        0.00966090928,
        0.00957503528,
        0.00955236828,
        0.009614701279999999,
        0.01013182728,
        0.009623576279999999,
        0.009349451279999999,
        0.009492327279999999,
        0.00998132628,
        0.00978211828,
        0.01026549328,
        0.00950357728,
        0.009925201279999999,
        0.00948899328,
        0.010396535279999999,
        0.01037707628,
        0.009649368279999999,
        0.00953378528,
        0.00966174328,
        0.01017457628,
        0.00958024328,
        0.01038703528,
        0.01024961828,
        0.00976520128,
        0.00980574328,
        0.009518660279999999,
        0.009485910279999999,
        0.009515368279999999,
        0.00996349328,
        0.00922374328,
        0.009308785279999999,
        0.00978770128,
        0.00964861828,
        0.010129743279999999,
        0.009731076279999999,
        0.01008936828,
        0.00937624328,
        0.00981441028,
        0.010094660279999999,
        0.01003616028,
        0.00994882628,
        0.00944353528,
        0.00941874328,
        0.00923674328,
        0.009822160279999999,
        0.00943199328,
        0.00968220228,
        0.00988061828,
        0.00979845228,
        0.00936070128,
        0.00983345228,
        0.009737493279999999,
        0.009516201279999999,
        0.00954782628,
        0.00994820128,
        0.00975774328,
        0.01012870128,
        0.00914957628,
        0.00925482628,
        0.00935540928,
        0.00962736828,
        0.009624660279999999,
        0.00929670128,
        0.009300035279999999,
        0.009876826279999999,
        0.00970828428,
        0.00983445128,
        0.01017832628,
        0.00950086828,
        0.009898743279999999,
        0.00989170228,
        0.00985849328,
        0.00990545228,
        0.00978474328,
        0.009958576279999999,
        0.00982524328,
        0.00929532628,
        0.00957011828,
        0.00981890928,
        0.00924903528,
        0.009959493279999999,
        0.00932924328
      ],
      "exit_codes": [
        0,
        0,
        0,
        0,
        0,
        0,
        0,
        0,
        0,
        0,
        0,
        0,
        0,
        0,
        0,
        0,
        0,
        0,
        0,
        0,
        0,
        0,
        0,
        0,
        0,
        0,
        0,
        0,
        0,
        0,
        0,
        0,
        0,
        0,
        0,
        0,
        0,
        0,
        0,
        0,
        0,
        0,
        0,
        0,
        0,
        0,
        0,
        0,
        0,
        0,
        0,
        0,
        0,
        0,
        0,
        0,
        0,
        0,
        0,
        0,
        0,
        0,
        0,
        0,
        0,
        0,
        0,
        0,
        0,
        0,
        0,
        0,
        0,
        0,
        0,
        0,
        0,
        0,
        0,
        0,
        0,
        0,
        0,
        0,
        0,
        0,
        0,
        0,
        0,
        0,
        0,
        0,
        0,
        0,
        0,
        0,
        0,
        0,
        0,
        0
      ]
    }
  ]
}
